ID1;ID2;FullName;Phone;Email;Description
1790001234001;;Importadora Andina S.A.;022555111;ventas@andina.com;Proveedor principal de repuestos originales
1790012345001;;Frenos y Mas Ltda.;022666222;contacto@frenosymas.com;Especialistas en sistemas de frenos
1790001234001;;Importadora Andina S.A.;022555111;ventas@andina.com;Proveedor principal de repuestos originales
1790012345001;;Frenos y Mas Ltda.;022666222;contacto@frenosymas.com;Especialistas en sistemas de frenos
1790001234001;;Importadora Andina S.A.;022555111;ventas@andina.com;Proveedor principal de repuestos originales
1790012345001;;Frenos y Mas Ltda.;022666222;contacto@frenosymas.com;Especialistas en sistemas de frenos
1790001234001;;Importadora Andina S.A.;022555111;ventas@andina.com;Proveedor principal de repuestos originales
1790012345001;;Frenos y Mas Ltda.;022666222;contacto@frenosymas.com;Especialistas en sistemas de frenos
1790001234001;;Importadora Andina S.A.;022555111;ventas@andina.com;Proveedor principal de repuestos originales
1790012345001;;Frenos y Mas Ltda.;022666222;contacto@frenosymas.com;Especialistas en sistemas de frenos
1790001234001;;Importadora Andina S.A.;022555111;ventas@andina.com;Proveedor principal de repuestos originales
1790012345001;;Frenos y Mas Ltda.;022666222;contacto@frenosymas.com;Especialistas en sistemas de frenos
1790001234001;;Importadora Andina S.A.;022555111;ventas@andina.com;Proveedor principal de repuestos originales
1790012345001;;Frenos y Mas Ltda.;022666222;contacto@frenosymas.com;Especialistas en sistemas de frenos
1790001234001;;Importadora Andina S.A.;022555111;ventas@andina.com;Proveedor principal de repuestos originales
1790012345001;;Frenos y Mas Ltda.;022666222;contacto@frenosymas.com;Especialistas en sistemas de frenos
1790001234001;;Importadora Andina S.A.;022555111;ventas@andina.com;Proveedor principal de repuestos originales
1790012345001;;Frenos y Mas Ltda.;022666222;contacto@frenosymas.com;Especialistas en sistemas de frenos
1790001234001;;Importadora Andina S.A.;022555111;ventas@andina.com;Proveedor principal de repuestos originales
1790012345001;;Frenos y Mas Ltda.;022666222;contacto@frenosymas.com;Especialistas en sistemas de frenos
1790001234001;;Importadora Andina S.A.;022555111;ventas@andina.com;Proveedor principal de repuestos originales
1790012345001;;Frenos y Mas Ltda.;022666222;contacto@frenosymas.com;Especialistas en sistemas de frenos
1790001234001;;Importadora Andina S.A.;022555111;ventas@andina.com;Proveedor principal de repuestos originales
1790012345001;;Frenos y Mas Ltda.;022666222;contacto@frenosymas.com;Especialistas en sistemas de frenos
1790001234001;;Importadora Andina S.A.;022555111;ventas@andina.com;Proveedor principal de repuestos originales
1790012345001;;Frenos y Mas Ltda.;022666222;contacto@frenosymas.com;Especialistas en sistemas de frenos
1790001234001;;Importadora Andina S.A.;022555111;ventas@andina.com;Proveedor principal de repuestos originales
1790012345001;;Frenos y Mas Ltda.;022666222;contacto@frenosymas.com;Especialistas en sistemas de frenos
1790001234001;;Importadora Andina S.A.;022555111;ventas@andina.com;Proveedor principal de repuestos originales
1790012345001;;Frenos y Mas Ltda.;022666222;contacto@frenosymas.com;Especialistas en sistemas de frenos
1790001234001;;Importadora Andina S.A.;022555111;ventas@andina.com;Proveedor principal de repuestos originales
1790012345001;;Frenos y Mas Ltda.;022666222;contacto@frenosymas.com;Especialistas en sistemas de frenos
1790001234001;;Importadora Andina S.A.;022555111;ventas@andina.com;Proveedor principal de repuestos originales
1790012345001;;Frenos y Mas Ltda.;022666222;contacto@frenosymas.com;Especialistas en sistemas de frenos
1790001234001;;Importadora Andina S.A.;022555111;ventas@andina.com;Proveedor principal de repuestos originales
1790012345001;;Frenos y Mas Ltda.;022666222;contacto@frenosymas.com;Especialistas en sistemas de frenos
1790001234001;;Importadora Andina S.A.;022555111;ventas@andina.com;Proveedor principal de repuestos originales
1790012345001;;Frenos y Mas Ltda.;022666222;contacto@frenosymas.com;Especialistas en sistemas de frenos
1790001234001;;Importadora Andina S.A.;022555111;ventas@andina.com;Proveedor principal de repuestos originales
1790012345001;;Frenos y Mas Ltda.;022666222;contacto@frenosymas.com;Especialistas en sistemas de frenos
1790001234001;;Importadora Andina S.A.;022555111;ventas@andina.com;Proveedor principal de repuestos originales
1790012345001;;Frenos y Mas Ltda.;022666222;contacto@frenosymas.com;Especialistas en sistemas de frenos
1790001234001;;Importadora Andina S.A.;022555111;ventas@andina.com;Proveedor principal de repuestos originales
1790012345001;;Frenos y Mas Ltda.;022666222;contacto@frenosymas.com;Especialistas en sistemas de frenos
1790001234001;;Importadora Andina S.A.;022555111;ventas@andina.com;Proveedor principal de repuestos originales
1790012345001;;Frenos y Mas Ltda.;022666222;contacto@frenosymas.com;Especialistas en sistemas de frenos
1790001234001;;Importadora Andina S.A.;022555111;ventas@andina.com;Proveedor principal de repuestos originales
1790012345001;;Frenos y Mas Ltda.;022666222;contacto@frenosymas.com;Especialistas en sistemas de frenos
1790001234001;;Importadora Andina S.A.;022555111;ventas@andina.com;Proveedor principal de repuestos originales
1790012345001;;Frenos y Mas Ltda.;022666222;contacto@frenosymas.com;Especialistas en sistemas de frenos
1790001234001;;Importadora Andina S.A.;022555111;ventas@andina.com;Proveedor principal de repuestos originales
1790012345001;;Frenos y Mas Ltda.;022666222;contacto@frenosymas.com;Especialistas en sistemas de frenos
1790001234001;;Importadora Andina S.A.;022555111;ventas@andina.com;Proveedor principal de repuestos originales
1790012345001;;Frenos y Mas Ltda.;022666222;contacto@frenosymas.com;Especialistas en sistemas de frenos
1790001234001;;Importadora Andina S.A.;022555111;ventas@andina.com;Proveedor principal de repuestos originales
1790012345001;;Frenos y Mas Ltda.;022666222;contacto@frenosymas.com;Especialistas en sistemas de frenos
1790001234001;;Importadora Andina S.A.;022555111;ventas@andina.com;Proveedor principal de repuestos originales
1790012345001;;Frenos y Mas Ltda.;022666222;contacto@frenosymas.com;Especialistas en sistemas de frenos
1790001234001;;Importadora Andina S.A.;022555111;ventas@andina.com;Proveedor principal de repuestos originales
1790012345001;;Frenos y Mas Ltda.;022666222;contacto@frenosymas.com;Especialistas en sistemas de frenos
1790001234001;;Importadora Andina S.A.;022555111;ventas@andina.com;Proveedor principal de repuestos originales
1790012345001;;Frenos y Mas Ltda.;022666222;contacto@frenosymas.com;Especialistas en sistemas de frenos
1790001234001;;Importadora Andina S.A.;022555111;ventas@andina.com;Proveedor principal de repuestos originales
1790012345001;;Frenos y Mas Ltda.;022666222;contacto@frenosymas.com;Especialistas en sistemas de frenos
1790001234001;;Importadora Andina S.A.;022555111;ventas@andina.com;Proveedor principal de repuestos originales
1790012345001;;Frenos y Mas Ltda.;022666222;contacto@frenosymas.com;Especialistas en sistemas de frenos
1790001234001;;Importadora Andina S.A.;022555111;ventas@andina.com;Proveedor principal de repuestos originales
1790012345001;;Frenos y Mas Ltda.;022666222;contacto@frenosymas.com;Especialistas en sistemas de frenos
1790001234001;;Importadora Andina S.A.;022555111;ventas@andina.com;Proveedor principal de repuestos originales
1790012345001;;Frenos y Mas Ltda.;022666222;contacto@frenosymas.com;Especialistas en sistemas de frenos
1790001234001;;Importadora Andina S.A.;022555111;ventas@andina.com;Proveedor principal de repuestos originales
1790012345001;;Frenos y Mas Ltda.;022666222;contacto@frenosymas.com;Especialistas en sistemas de frenos
1790001234001;;Importadora Andina S.A.;022555111;ventas@andina.com;Proveedor principal de repuestos originales
1790012345001;;Frenos y Mas Ltda.;022666222;contacto@frenosymas.com;Especialistas en sistemas de frenos
1790001234001;;Importadora Andina S.A.;022555111;ventas@andina.com;Proveedor principal de repuestos originales
1790012345001;;Frenos y Mas Ltda.;022666222;contacto@frenosymas.com;Especialistas en sistemas de frenos
1790001234001;;Importadora Andina S.A.;022555111;ventas@andina.com;Proveedor principal de repuestos originales
1790012345001;;Frenos y Mas Ltda.;022666222;contacto@frenosymas.com;Especialistas en sistemas de frenos
1790001234001;;Importadora Andina S.A.;022555111;ventas@andina.com;Proveedor principal de repuestos originales
1790012345001;;Frenos y Mas Ltda.;022666222;contacto@frenosymas.com;Especialistas en sistemas de frenos
1790001234001;;Importadora Andina S.A.;022555111;ventas@andina.com;Proveedor principal de repuestos originales
1790012345001;;Frenos y Mas Ltda.;022666222;contacto@frenosymas.com;Especialistas en sistemas de frenos
1790001234001;;Importadora Andina S.A.;022555111;ventas@andina.com;Proveedor principal de repuestos originales
1790012345001;;Frenos y Mas Ltda.;022666222;contacto@frenosymas.com;Especialistas en sistemas de frenos
1790001234001;;Importadora Andina S.A.;022555111;ventas@andina.com;Proveedor principal de repuestos originales
1790012345001;;Frenos y Mas Ltda.;022666222;contacto@frenosymas.com;Especialistas en sistemas de frenos
1790001234001;;Importadora Andina S.A.;022555111;ventas@andina.com;Proveedor principal de repuestos originales
1790012345001;;Frenos y Mas Ltda.;022666222;contacto@frenosymas.com;Especialistas en sistemas de frenos
1790001234001;;Importadora Andina S.A.;022555111;ventas@andina.com;Proveedor principal de repuestos originales
1790012345001;;Frenos y Mas Ltda.;022666222;contacto@frenosymas.com;Especialistas en sistemas de frenos
1790001234001;;Importadora Andina S.A.;022555111;ventas@andina.com;Proveedor principal de repuestos originales
1790012345001;;Frenos y Mas Ltda.;022666222;contacto@frenosymas.com;Especialistas en sistemas de frenos
1790001234001;;Importadora Andina S.A.;022555111;ventas@andina.com;Proveedor principal de repuestos originales
1790012345001;;Frenos y Mas Ltda.;022666222;contacto@frenosymas.com;Especialistas en sistemas de frenos
1790001234001;;Importadora Andina S.A.;022555111;ventas@andina.com;Proveedor principal de repuestos originales
1790012345001;;Frenos y Mas Ltda.;022666222;contacto@frenosymas.com;Especialistas en sistemas de frenos
1790001234001;;Importadora Andina S.A.;022555111;ventas@andina.com;Proveedor principal de repuestos originales
1790012345001;;Frenos y Mas Ltda.;022666222;contacto@frenosymas.com;Especialistas en sistemas de frenos
1790001234001;;Importadora Andina S.A.;022555111;ventas@andina.com;Proveedor principal de repuestos originales
1790012345001;;Frenos y Mas Ltda.;022666222;contacto@frenosymas.com;Especialistas en sistemas de frenos
1790001234001;;Importadora Andina S.A.;022555111;ventas@andina.com;Proveedor principal de repuestos originales
1790012345001;;Frenos y Mas Ltda.;022666222;contacto@frenosymas.com;Especialistas en sistemas de frenos
1790001234001;;Importadora Andina S.A.;022555111;ventas@andina.com;Proveedor principal de repuestos originales
1790012345001;;Frenos y Mas Ltda.;022666222;contacto@frenosymas.com;Especialistas en sistemas de frenos
1790001234001;;Importadora Andina S.A.;022555111;ventas@andina.com;Proveedor principal de repuestos originales
1790012345001;;Frenos y Mas Ltda.;022666222;contacto@frenosymas.com;Especialistas en sistemas de frenos
1790001234001;;Importadora Andina S.A.;022555111;ventas@andina.com;Proveedor principal de repuestos originales
1790012345001;;Frenos y Mas Ltda.;022666222;contacto@frenosymas.com;Especialistas en sistemas de frenos
1790001234001;;Importadora Andina S.A.;022555111;ventas@andina.com;Proveedor principal de repuestos originales
1790012345001;;Frenos y Mas Ltda.;022666222;contacto@frenosymas.com;Especialistas en sistemas de frenos
1790001234001;;Importadora Andina S.A.;022555111;ventas@andina.com;Proveedor principal de repuestos originales
1790012345001;;Frenos y Mas Ltda.;022666222;contacto@frenosymas.com;Especialistas en sistemas de frenos
1790001234001;;Importadora Andina S.A.;022555111;ventas@andina.com;Proveedor principal de repuestos originales
1790012345001;;Frenos y Mas Ltda.;022666222;contacto@frenosymas.com;Especialistas en sistemas de frenos
1790001234001;;Importadora Andina S.A.;022555111;ventas@andina.com;Proveedor principal de repuestos originales
1790012345001;;Frenos y Mas Ltda.;022666222;contacto@frenosymas.com;Especialistas en sistemas de frenos
1790001234001;;Importadora Andina S.A.;022555111;ventas@andina.com;Proveedor principal de repuestos originales
1790012345001;;Frenos y Mas Ltda.;022666222;contacto@frenosymas.com;Especialistas en sistemas de frenos
1790001234001;;Importadora Andina S.A.;022555111;ventas@andina.com;Proveedor principal de repuestos originales
1790012345001;;Frenos y Mas Ltda.;022666222;contacto@frenosymas.com;Especialistas en sistemas de frenos
1790001234001;;Importadora Andina S.A.;022555111;ventas@andina.com;Proveedor principal de repuestos originales
1790012345001;;Frenos y Mas Ltda.;022666222;contacto@frenosymas.com;Especialistas en sistemas de frenos
1790001234001;;Importadora Andina S.A.;022555111;ventas@andina.com;Proveedor principal de repuestos originales
1790012345001;;Frenos y Mas Ltda.;022666222;contacto@frenosymas.com;Especialistas en sistemas de frenos
1790001234001;;Importadora Andina S.A.;022555111;ventas@andina.com;Proveedor principal de repuestos originales
1790012345001;;Frenos y Mas Ltda.;022666222;contacto@frenosymas.com;Especialistas en sistemas de frenos
1790001234001;;Importadora Andina S.A.;022555111;ventas@andina.com;Proveedor principal de repuestos originales
1790012345001;;Frenos y Mas Ltda.;022666222;contacto@frenosymas.com;Especialistas en sistemas de frenos
1790001234001;;Importadora Andina S.A.;022555111;ventas@andina.com;Proveedor principal de repuestos originales
1790012345001;;Frenos y Mas Ltda.;022666222;contacto@frenosymas.com;Especialistas en sistemas de frenos
1790001234001;;Importadora Andina S.A.;022555111;ventas@andina.com;Proveedor principal de repuestos originales
1790012345001;;Frenos y Mas Ltda.;022666222;contacto@frenosymas.com;Especialistas en sistemas de frenos
1790001234001;;Importadora Andina S.A.;022555111;ventas@andina.com;Proveedor principal de repuestos originales
1790012345001;;Frenos y Mas Ltda.;022666222;contacto@frenosymas.com;Especialistas en sistemas de frenos
1790001234001;;Importadora Andina S.A.;022555111;ventas@andina.com;Proveedor principal de repuestos originales
1790012345001;;Frenos y Mas Ltda.;022666222;contacto@frenosymas.com;Especialistas en sistemas de frenos
1790001234001;;Importadora Andina S.A.;022555111;ventas@andina.com;Proveedor principal de repuestos originales
1790012345001;;Frenos y Mas Ltda.;022666222;contacto@frenosymas.com;Especialistas en sistemas de frenos
1790001234001;;Importadora Andina S.A.;022555111;ventas@andina.com;Proveedor principal de repuestos originales
1790012345001;;Frenos y Mas Ltda.;022666222;contacto@frenosymas.com;Especialistas en sistemas de frenos
1790001234001;;Importadora Andina S.A.;022555111;ventas@andina.com;Proveedor principal de repuestos originales
1790012345001;;Frenos y Mas Ltda.;022666222;contacto@frenosymas.com;Especialistas en sistemas de frenos
1790001234001;;Importadora Andina S.A.;022555111;ventas@andina.com;Proveedor principal de repuestos originales
1790012345001;;Frenos y Mas Ltda.;022666222;contacto@frenosymas.com;Especialistas en sistemas de frenos
1790001234001;;Importadora Andina S.A.;022555111;ventas@andina.com;Proveedor principal de repuestos originales
1790012345001;;Frenos y Mas Ltda.;022666222;contacto@frenosymas.com;Especialistas en sistemas de frenos
1790001234001;;Importadora Andina S.A.;022555111;ventas@andina.com;Proveedor principal de repuestos originales
1790012345001;;Frenos y Mas Ltda.;022666222;contacto@frenosymas.com;Especialistas en sistemas de frenos
1790001234001;;Importadora Andina S.A.;022555111;ventas@andina.com;Proveedor principal de repuestos originales
1790012345001;;Frenos y Mas Ltda.;022666222;contacto@frenosymas.com;Especialistas en sistemas de frenos
1790001234001;;Importadora Andina S.A.;022555111;ventas@andina.com;Proveedor principal de repuestos originales
1790012345001;;Frenos y Mas Ltda.;022666222;contacto@frenosymas.com;Especialistas en sistemas de frenos
1790001234001;;Importadora Andina S.A.;022555111;ventas@andina.com;Proveedor principal de repuestos originales
1790012345001;;Frenos y Mas Ltda.;022666222;contacto@frenosymas.com;Especialistas en sistemas de frenos
1790001234001;;Importadora Andina S.A.;022555111;ventas@andina.com;Proveedor principal de repuestos originales
1790012345001;;Frenos y Mas Ltda.;022666222;contacto@frenosymas.com;Especialistas en sistemas de frenos
1790001234001;;Importadora Andina S.A.;022555111;ventas@andina.com;Proveedor principal de repuestos originales
1790012345001;;Frenos y Mas Ltda.;022666222;contacto@frenosymas.com;Especialistas en sistemas de frenos
1790001234001;;Importadora Andina S.A.;022555111;ventas@andina.com;Proveedor principal de repuestos originales
1790012345001;;Frenos y Mas Ltda.;022666222;contacto@frenosymas.com;Especialistas en sistemas de frenos
1790001234001;;Importadora Andina S.A.;022555111;ventas@andina.com;Proveedor principal de repuestos originales
1790012345001;;Frenos y Mas Ltda.;022666222;contacto@frenosymas.com;Especialistas en sistemas de frenos
1790001234001;;Importadora Andina S.A.;022555111;ventas@andina.com;Proveedor principal de repuestos originales
1790012345001;;Frenos y Mas Ltda.;022666222;contacto@frenosymas.com;Especialistas en sistemas de frenos
1790001234001;;Importadora Andina S.A.;022555111;ventas@andina.com;Proveedor principal de repuestos originales
1790012345001;;Frenos y Mas Ltda.;022666222;contacto@frenosymas.com;Especialistas en sistemas de frenos
1790001234001;;Importadora Andina S.A.;022555111;ventas@andina.com;Proveedor principal de repuestos originales
1790012345001;;Frenos y Mas Ltda.;022666222;contacto@frenosymas.com;Especialistas en sistemas de frenos
1790001234001;;Importadora Andina S.A.;022555111;ventas@andina.com;Proveedor principal de repuestos originales
1790012345001;;Frenos y Mas Ltda.;022666222;contacto@frenosymas.com;Especialistas en sistemas de frenos
1790001234001;;Importadora Andina S.A.;022555111;ventas@andina.com;Proveedor principal de repuestos originales
1790012345001;;Frenos y Mas Ltda.;022666222;contacto@frenosymas.com;Especialistas en sistemas de frenos
1790001234001;;Importadora Andina S.A.;022555111;ventas@andina.com;Proveedor principal de repuestos originales
1790012345001;;Frenos y Mas Ltda.;022666222;contacto@frenosymas.com;Especialistas en sistemas de frenos
1790001234001;;Importadora Andina S.A.;022555111;ventas@andina.com;Proveedor principal de repuestos originales
1790012345001;;Frenos y Mas Ltda.;022666222;contacto@frenosymas.com;Especialistas en sistemas de frenos
1790001234001;;Importadora Andina S.A.;022555111;ventas@andina.com;Proveedor principal de repuestos originales
1790012345001;;Frenos y Mas Ltda.;022666222;contacto@frenosymas.com;Especialistas en sistemas de frenos
1790001234001;;Importadora Andina S.A.;022555111;ventas@andina.com;Proveedor principal de repuestos originales
1790012345001;;Frenos y Mas Ltda.;022666222;contacto@frenosymas.com;Especialistas en sistemas de frenos
1790001234001;;Importadora Andina S.A.;022555111;ventas@andina.com;Proveedor principal de repuestos originales
1790012345001;;Frenos y Mas Ltda.;022666222;contacto@frenosymas.com;Especialistas en sistemas de frenos
1790001234001;;Importadora Andina S.A.;022555111;ventas@andina.com;Proveedor principal de repuestos originales
1790012345001;;Frenos y Mas Ltda.;022666222;contacto@frenosymas.com;Especialistas en sistemas de frenos
1790001234001;;Importadora Andina S.A.;022555111;ventas@andina.com;Proveedor principal de repuestos originales
1790012345001;;Frenos y Mas Ltda.;022666222;contacto@frenosymas.com;Especialistas en sistemas de frenos
1790001234001;;Importadora Andina S.A.;022555111;ventas@andina.com;Proveedor principal de repuestos originales
1790012345001;;Frenos y Mas Ltda.;022666222;contacto@frenosymas.com;Especialistas en sistemas de frenos
1790001234001;;Importadora Andina S.A.;022555111;ventas@andina.com;Proveedor principal de repuestos originales
1790012345001;;Frenos y Mas Ltda.;022666222;contacto@frenosymas.com;Especialistas en sistemas de frenos
1790001234001;;Importadora Andina S.A.;022555111;ventas@andina.com;Proveedor principal de repuestos originales
1790012345001;;Frenos y Mas Ltda.;022666222;contacto@frenosymas.com;Especialistas en sistemas de frenos
1790001234001;;Importadora Andina S.A.;022555111;ventas@andina.com;Proveedor principal de repuestos originales
1790012345001;;Frenos y Mas Ltda.;022666222;contacto@frenosymas.com;Especialistas en sistemas de frenos
1790001234001;;Importadora Andina S.A.;022555111;ventas@andina.com;Proveedor principal de repuestos originales
1790012345001;;Frenos y Mas Ltda.;022666222;contacto@frenosymas.com;Especialistas en sistemas de frenos
1790001234001;;Importadora Andina S.A.;022555111;ventas@andina.com;Proveedor principal de repuestos originales
1790012345001;;Frenos y Mas Ltda.;022666222;contacto@frenosymas.com;Especialistas en sistemas de frenos
1790001234001;;Importadora Andina S.A.;022555111;ventas@andina.com;Proveedor principal de repuestos originales
1790012345001;;Frenos y Mas Ltda.;022666222;contacto@frenosymas.com;Especialistas en sistemas de frenos
1790001234001;;Importadora Andina S.A.;022555111;ventas@andina.com;Proveedor principal de repuestos originales
1790012345001;;Frenos y Mas Ltda.;022666222;contacto@frenosymas.com;Especialistas en sistemas de frenos
1790001234001;;Importadora Andina S.A.;022555111;ventas@andina.com;Proveedor principal de repuestos originales
1790012345001;;Frenos y Mas Ltda.;022666222;contacto@frenosymas.com;Especialistas en sistemas de frenos
1790001234001;;Importadora Andina S.A.;022555111;ventas@andina.com;Proveedor principal de repuestos originales
1790012345001;;Frenos y Mas Ltda.;022666222;contacto@frenosymas.com;Especialistas en sistemas de frenos
1790001234001;;Importadora Andina S.A.;022555111;ventas@andina.com;Proveedor principal de repuestos originales
1790012345001;;Frenos y Mas Ltda.;022666222;contacto@frenosymas.com;Especialistas en sistemas de frenos
1790001234001;;Importadora Andina S.A.;022555111;ventas@andina.com;Proveedor principal de repuestos originales
1790012345001;;Frenos y Mas Ltda.;022666222;contacto@frenosymas.com;Especialistas en sistemas de frenos
1790001234001;;Importadora Andina S.A.;022555111;ventas@andina.com;Proveedor principal de repuestos originales
1790012345001;;Frenos y Mas Ltda.;022666222;contacto@frenosymas.com;Especialistas en sistemas de frenos
1790001234001;;Importadora Andina S.A.;022555111;ventas@andina.com;Proveedor principal de repuestos originales
1790012345001;;Frenos y Mas Ltda.;022666222;contacto@frenosymas.com;Especialistas en sistemas de frenos
1790001234001;;Importadora Andina S.A.;022555111;ventas@andina.com;Proveedor principal de repuestos originales
1790012345001;;Frenos y Mas Ltda.;022666222;contacto@frenosymas.com;Especialistas en sistemas de frenos
1790001234001;;Importadora Andina S.A.;022555111;ventas@andina.com;Proveedor principal de repuestos originales
1790012345001;;Frenos y Mas Ltda.;022666222;contacto@frenosymas.com;Especialistas en sistemas de frenos
1790001234001;;Importadora Andina S.A.;022555111;ventas@andina.com;Proveedor principal de repuestos originales
1790012345001;;Frenos y Mas Ltda.;022666222;contacto@frenosymas.com;Especialistas en sistemas de frenos
1790001234001;;Importadora Andina S.A.;022555111;ventas@andina.com;Proveedor principal de repuestos originales
1790012345001;;Frenos y Mas Ltda.;022666222;contacto@frenosymas.com;Especialistas en sistemas de frenos
1790001234001;;Importadora Andina S.A.;022555111;ventas@andina.com;Proveedor principal de repuestos originales
1790012345001;;Frenos y Mas Ltda.;022666222;contacto@frenosymas.com;Especialistas en sistemas de frenos
1790001234001;;Importadora Andina S.A.;022555111;ventas@andina.com;Proveedor principal de repuestos originales
1790012345001;;Frenos y Mas Ltda.;022666222;contacto@frenosymas.com;Especialistas en sistemas de frenos
1790001234001;;Importadora Andina S.A.;022555111;ventas@andina.com;Proveedor principal de repuestos originales
1790012345001;;Frenos y Mas Ltda.;022666222;contacto@frenosymas.com;Especialistas en sistemas de frenos
1790001234001;;Importadora Andina S.A.;022555111;ventas@andina.com;Proveedor principal de repuestos originales
1790012345001;;Frenos y Mas Ltda.;022666222;contacto@frenosymas.com;Especialistas en sistemas de frenos
1790001234001;;Importadora Andina S.A.;022555111;ventas@andina.com;Proveedor principal de repuestos originales
1790012345001;;Frenos y Mas Ltda.;022666222;contacto@frenosymas.com;Especialistas en sistemas de frenos
1790001234001;;Importadora Andina S.A.;022555111;ventas@andina.com;Proveedor principal de repuestos originales
1790012345001;;Frenos y Mas Ltda.;022666222;contacto@frenosymas.com;Especialistas en sistemas de frenos
1790001234001;;Importadora Andina S.A.;022555111;ventas@andina.com;Proveedor principal de repuestos originales
1790012345001;;Frenos y Mas Ltda.;022666222;contacto@frenosymas.com;Especialistas en sistemas de frenos
1790001234001;;Importadora Andina S.A.;022555111;ventas@andina.com;Proveedor principal de repuestos originales
1790012345001;;Frenos y Mas Ltda.;022666222;contacto@frenosymas.com;Especialistas en sistemas de frenos
1790001234001;;Importadora Andina S.A.;022555111;ventas@andina.com;Proveedor principal de repuestos originales
1790012345001;;Frenos y Mas Ltda.;022666222;contacto@frenosymas.com;Especialistas en sistemas de frenos
1790001234001;;Importadora Andina S.A.;022555111;ventas@andina.com;Proveedor principal de repuestos originales
1790012345001;;Frenos y Mas Ltda.;022666222;contacto@frenosymas.com;Especialistas en sistemas de frenos
1790001234001;;Importadora Andina S.A.;022555111;ventas@andina.com;Proveedor principal de repuestos originales
1790012345001;;Frenos y Mas Ltda.;022666222;contacto@frenosymas.com;Especialistas en sistemas de frenos
1790001234001;;Importadora Andina S.A.;022555111;ventas@andina.com;Proveedor principal de repuestos originales
1790012345001;;Frenos y Mas Ltda.;022666222;contacto@frenosymas.com;Especialistas en sistemas de frenos
1790001234001;;Importadora Andina S.A.;022555111;ventas@andina.com;Proveedor principal de repuestos originales
1790012345001;;Frenos y Mas Ltda.;022666222;contacto@frenosymas.com;Especialistas en sistemas de frenos
1790001234001;;Importadora Andina S.A.;022555111;ventas@andina.com;Proveedor principal de repuestos originales
1790012345001;;Frenos y Mas Ltda.;022666222;contacto@frenosymas.com;Especialistas en sistemas de frenos
1790001234001;;Importadora Andina S.A.;022555111;ventas@andina.com;Proveedor principal de repuestos originales
1790012345001;;Frenos y Mas Ltda.;022666222;contacto@frenosymas.com;Especialistas en sistemas de frenos
1790001234001;;Importadora Andina S.A.;022555111;ventas@andina.com;Proveedor principal de repuestos originales
1790012345001;;Frenos y Mas Ltda.;022666222;contacto@frenosymas.com;Especialistas en sistemas de frenos
1790001234001;;Importadora Andina S.A.;022555111;ventas@andina.com;Proveedor principal de repuestos originales
1790012345001;;Frenos y Mas Ltda.;022666222;contacto@frenosymas.com;Especialistas en sistemas de frenos
1790001234001;;Importadora Andina S.A.;022555111;ventas@andina.com;Proveedor principal de repuestos originales
1790012345001;;Frenos y Mas Ltda.;022666222;contacto@frenosymas.com;Especialistas en sistemas de frenos
1790001234001;;Importadora Andina S.A.;022555111;ventas@andina.com;Proveedor principal de repuestos originales
1790012345001;;Frenos y Mas Ltda.;022666222;contacto@frenosymas.com;Especialistas en sistemas de frenos
1790001234001;;Importadora Andina S.A.;022555111;ventas@andina.com;Proveedor principal de repuestos originales
1790012345001;;Frenos y Mas Ltda.;022666222;contacto@frenosymas.com;Especialistas en sistemas de frenos
1790001234001;;Importadora Andina S.A.;022555111;ventas@andina.com;Proveedor principal de repuestos originales
1790012345001;;Frenos y Mas Ltda.;022666222;contacto@frenosymas.com;Especialistas en sistemas de frenos
1790001234001;;Importadora Andina S.A.;022555111;ventas@andina.com;Proveedor principal de repuestos originales
1790012345001;;Frenos y Mas Ltda.;022666222;contacto@frenosymas.com;Especialistas en sistemas de frenos
1790001234001;;Importadora Andina S.A.;022555111;ventas@andina.com;Proveedor principal de repuestos originales
1790012345001;;Frenos y Mas Ltda.;022666222;contacto@frenosymas.com;Especialistas en sistemas de frenos
1790001234001;;Importadora Andina S.A.;022555111;ventas@andina.com;Proveedor principal de repuestos originales
1790012345001;;Frenos y Mas Ltda.;022666222;contacto@frenosymas.com;Especialistas en sistemas de frenos
1790001234001;;Importadora Andina S.A.;022555111;ventas@andina.com;Proveedor principal de repuestos originales
1790012345001;;Frenos y Mas Ltda.;022666222;contacto@frenosymas.com;Especialistas en sistemas de frenos
1790001234001;;Importadora Andina S.A.;022555111;ventas@andina.com;Proveedor principal de repuestos originales
1790012345001;;Frenos y Mas Ltda.;022666222;contacto@frenosymas.com;Especialistas en sistemas de frenos
1790001234001;;Importadora Andina S.A.;022555111;ventas@andina.com;Proveedor principal de repuestos originales
1790012345001;;Frenos y Mas Ltda.;022666222;contacto@frenosymas.com;Especialistas en sistemas de frenos
1790001234001;;Importadora Andina S.A.;022555111;ventas@andina.com;Proveedor principal de repuestos originales
1790012345001;;Frenos y Mas Ltda.;022666222;contacto@frenosymas.com;Especialistas en sistemas de frenos
1790001234001;;Importadora Andina S.A.;022555111;ventas@andina.com;Proveedor principal de repuestos originales
1790012345001;;Frenos y Mas Ltda.;022666222;contacto@frenosymas.com;Especialistas en sistemas de frenos
1790001234001;;Importadora Andina S.A.;022555111;ventas@andina.com;Proveedor principal de repuestos originales
1790012345001;;Frenos y Mas Ltda.;022666222;contacto@frenosymas.com;Especialistas en sistemas de frenos
1790001234001;;Importadora Andina S.A.;022555111;ventas@andina.com;Proveedor principal de repuestos originales
1790012345001;;Frenos y Mas Ltda.;022666222;contacto@frenosymas.com;Especialistas en sistemas de frenos
1790001234001;;Importadora Andina S.A.;022555111;ventas@andina.com;Proveedor principal de repuestos originales
1790012345001;;Frenos y Mas Ltda.;022666222;contacto@frenosymas.com;Especialistas en sistemas de frenos
1790001234001;;Importadora Andina S.A.;022555111;ventas@andina.com;Proveedor principal de repuestos originales
1790012345001;;Frenos y Mas Ltda.;022666222;contacto@frenosymas.com;Especialistas en sistemas de frenos
1790001234001;;Importadora Andina S.A.;022555111;ventas@andina.com;Proveedor principal de repuestos originales
1790012345001;;Frenos y Mas Ltda.;022666222;contacto@frenosymas.com;Especialistas en sistemas de frenos
1790001234001;;Importadora Andina S.A.;022555111;ventas@andina.com;Proveedor principal de repuestos originales
1790012345001;;Frenos y Mas Ltda.;022666222;contacto@frenosymas.com;Especialistas en sistemas de frenos
1790001234001;;Importadora Andina S.A.;022555111;ventas@andina.com;Proveedor principal de repuestos originales
1790012345001;;Frenos y Mas Ltda.;022666222;contacto@frenosymas.com;Especialistas en sistemas de frenos
1790001234001;;Importadora Andina S.A.;022555111;ventas@andina.com;Proveedor principal de repuestos originales
1790012345001;;Frenos y Mas Ltda.;022666222;contacto@frenosymas.com;Especialistas en sistemas de frenos
1790001234001;;Importadora Andina S.A.;022555111;ventas@andina.com;Proveedor principal de repuestos originales
1790012345001;;Frenos y Mas Ltda.;022666222;contacto@frenosymas.com;Especialistas en sistemas de frenos
1790001234001;;Importadora Andina S.A.;022555111;ventas@andina.com;Proveedor principal de repuestos originales
1790012345001;;Frenos y Mas Ltda.;022666222;contacto@frenosymas.com;Especialistas en sistemas de frenos
1790001234001;;Importadora Andina S.A.;022555111;ventas@andina.com;Proveedor principal de repuestos originales
1790012345001;;Frenos y Mas Ltda.;022666222;contacto@frenosymas.com;Especialistas en sistemas de frenos
1790001234001;;Importadora Andina S.A.;022555111;ventas@andina.com;Proveedor principal de repuestos originales
1790012345001;;Frenos y Mas Ltda.;022666222;contacto@frenosymas.com;Especialistas en sistemas de frenos
1790001234001;;Importadora Andina S.A.;022555111;ventas@andina.com;Proveedor principal de repuestos originales
1790012345001;;Frenos y Mas Ltda.;022666222;contacto@frenosymas.com;Especialistas en sistemas de frenos
1790001234001;;Importadora Andina S.A.;022555111;ventas@andina.com;Proveedor principal de repuestos originales
1790012345001;;Frenos y Mas Ltda.;022666222;contacto@frenosymas.com;Especialistas en sistemas de frenos
1790001234001;;Importadora Andina S.A.;022555111;ventas@andina.com;Proveedor principal de repuestos originales
1790012345001;;Frenos y Mas Ltda.;022666222;contacto@frenosymas.com;Especialistas en sistemas de frenos
1790001234001;;Importadora Andina S.A.;022555111;ventas@andina.com;Proveedor principal de repuestos originales
1790012345001;;Frenos y Mas Ltda.;022666222;contacto@frenosymas.com;Especialistas en sistemas de frenos
1790001234001;;Importadora Andina S.A.;022555111;ventas@andina.com;Proveedor principal de repuestos originales
1790012345001;;Frenos y Mas Ltda.;022666222;contacto@frenosymas.com;Especialistas en sistemas de frenos
1790001234001;;Importadora Andina S.A.;022555111;ventas@andina.com;Proveedor principal de repuestos originales
1790012345001;;Frenos y Mas Ltda.;022666222;contacto@frenosymas.com;Especialistas en sistemas de frenos
1790001234001;;Importadora Andina S.A.;022555111;ventas@andina.com;Proveedor principal de repuestos originales
1790012345001;;Frenos y Mas Ltda.;022666222;contacto@frenosymas.com;Especialistas en sistemas de frenos
1790001234001;;Importadora Andina S.A.;022555111;ventas@andina.com;Proveedor principal de repuestos originales
1790012345001;;Frenos y Mas Ltda.;022666222;contacto@frenosymas.com;Especialistas en sistemas de frenos
1790001234001;;Importadora Andina S.A.;022555111;ventas@andina.com;Proveedor principal de repuestos originales
1790012345001;;Frenos y Mas Ltda.;022666222;contacto@frenosymas.com;Especialistas en sistemas de frenos
1790001234001;;Importadora Andina S.A.;022555111;ventas@andina.com;Proveedor principal de repuestos originales
1790012345001;;Frenos y Mas Ltda.;022666222;contacto@frenosymas.com;Especialistas en sistemas de frenos
1790001234001;;Importadora Andina S.A.;022555111;ventas@andina.com;Proveedor principal de repuestos originales
1790012345001;;Frenos y Mas Ltda.;022666222;contacto@frenosymas.com;Especialistas en sistemas de frenos
1790001234001;;Importadora Andina S.A.;022555111;ventas@andina.com;Proveedor principal de repuestos originales
1790012345001;;Frenos y Mas Ltda.;022666222;contacto@frenosymas.com;Especialistas en sistemas de frenos
1790001234001;;Importadora Andina S.A.;022555111;ventas@andina.com;Proveedor principal de repuestos originales
1790012345001;;Frenos y Mas Ltda.;022666222;contacto@frenosymas.com;Especialistas en sistemas de frenos
1790001234001;;Importadora Andina S.A.;022555111;ventas@andina.com;Proveedor principal de repuestos originales
1790012345001;;Frenos y Mas Ltda.;022666222;contacto@frenosymas.com;Especialistas en sistemas de frenos
1790001234001;;Importadora Andina S.A.;022555111;ventas@andina.com;Proveedor principal de repuestos originales
1790012345001;;Frenos y Mas Ltda.;022666222;contacto@frenosymas.com;Especialistas en sistemas de frenos
1790001234001;;Importadora Andina S.A.;022555111;ventas@andina.com;Proveedor principal de repuestos originales
1790012345001;;Frenos y Mas Ltda.;022666222;contacto@frenosymas.com;Especialistas en sistemas de frenos
1790001234001;;Importadora Andina S.A.;022555111;ventas@andina.com;Proveedor principal de repuestos originales
1790012345001;;Frenos y Mas Ltda.;022666222;contacto@frenosymas.com;Especialistas en sistemas de frenos
1790001234001;;Importadora Andina S.A.;022555111;ventas@andina.com;Proveedor principal de repuestos originales
1790012345001;;Frenos y Mas Ltda.;022666222;contacto@frenosymas.com;Especialistas en sistemas de frenos
1790001234001;;Importadora Andina S.A.;022555111;ventas@andina.com;Proveedor principal de repuestos originales
1790012345001;;Frenos y Mas Ltda.;022666222;contacto@frenosymas.com;Especialistas en sistemas de frenos
1790001234001;;Importadora Andina S.A.;022555111;ventas@andina.com;Proveedor principal de repuestos originales
1790012345001;;Frenos y Mas Ltda.;022666222;contacto@frenosymas.com;Especialistas en sistemas de frenos
1790001234001;;Importadora Andina S.A.;022555111;ventas@andina.com;Proveedor principal de repuestos originales
1790012345001;;Frenos y Mas Ltda.;022666222;contacto@frenosymas.com;Especialistas en sistemas de frenos
1790001234001;;Importadora Andina S.A.;022555111;ventas@andina.com;Proveedor principal de repuestos originales
1790012345001;;Frenos y Mas Ltda.;022666222;contacto@frenosymas.com;Especialistas en sistemas de frenos
1790001234001;;Importadora Andina S.A.;022555111;ventas@andina.com;Proveedor principal de repuestos originales
1790012345001;;Frenos y Mas Ltda.;022666222;contacto@frenosymas.com;Especialistas en sistemas de frenos
1790001234001;;Importadora Andina S.A.;022555111;ventas@andina.com;Proveedor principal de repuestos originales
1790012345001;;Frenos y Mas Ltda.;022666222;contacto@frenosymas.com;Especialistas en sistemas de frenos
1790001234001;;Importadora Andina S.A.;022555111;ventas@andina.com;Proveedor principal de repuestos originales
1790012345001;;Frenos y Mas Ltda.;022666222;contacto@frenosymas.com;Especialistas en sistemas de frenos
1790001234001;;Importadora Andina S.A.;022555111;ventas@andina.com;Proveedor principal de repuestos originales
1790012345001;;Frenos y Mas Ltda.;022666222;contacto@frenosymas.com;Especialistas en sistemas de frenos
1790001234001;;Importadora Andina S.A.;022555111;ventas@andina.com;Proveedor principal de repuestos originales
1790012345001;;Frenos y Mas Ltda.;022666222;contacto@frenosymas.com;Especialistas en sistemas de frenos
1790001234001;;Importadora Andina S.A.;022555111;ventas@andina.com;Proveedor principal de repuestos originales
1790012345001;;Frenos y Mas Ltda.;022666222;contacto@frenosymas.com;Especialistas en sistemas de frenos
1790001234001;;Importadora Andina S.A.;022555111;ventas@andina.com;Proveedor principal de repuestos originales
1790012345001;;Frenos y Mas Ltda.;022666222;contacto@frenosymas.com;Especialistas en sistemas de frenos
1790001234001;;Importadora Andina S.A.;022555111;ventas@andina.com;Proveedor principal de repuestos originales
1790012345001;;Frenos y Mas Ltda.;022666222;contacto@frenosymas.com;Especialistas en sistemas de frenos
1790001234001;;Importadora Andina S.A.;022555111;ventas@andina.com;Proveedor principal de repuestos originales
1790012345001;;Frenos y Mas Ltda.;022666222;contacto@frenosymas.com;Especialistas en sistemas de frenos
1790001234001;;Importadora Andina S.A.;022555111;ventas@andina.com;Proveedor principal de repuestos originales
1790012345001;;Frenos y Mas Ltda.;022666222;contacto@frenosymas.com;Especialistas en sistemas de frenos
1790001234001;;Importadora Andina S.A.;022555111;ventas@andina.com;Proveedor principal de repuestos originales
1790012345001;;Frenos y Mas Ltda.;022666222;contacto@frenosymas.com;Especialistas en sistemas de frenos
1790001234001;;Importadora Andina S.A.;022555111;ventas@andina.com;Proveedor principal de repuestos originales
1790012345001;;Frenos y Mas Ltda.;022666222;contacto@frenosymas.com;Especialistas en sistemas de frenos
1790001234001;;Importadora Andina S.A.;022555111;ventas@andina.com;Proveedor principal de repuestos originales
1790012345001;;Frenos y Mas Ltda.;022666222;contacto@frenosymas.com;Especialistas en sistemas de frenos
1790001234001;;Importadora Andina S.A.;022555111;ventas@andina.com;Proveedor principal de repuestos originales
1790012345001;;Frenos y Mas Ltda.;022666222;contacto@frenosymas.com;Especialistas en sistemas de frenos
1790001234001;;Importadora Andina S.A.;022555111;ventas@andina.com;Proveedor principal de repuestos originales
1790012345001;;Frenos y Mas Ltda.;022666222;contacto@frenosymas.com;Especialistas en sistemas de frenos
1790001234001;;Importadora Andina S.A.;022555111;ventas@andina.com;Proveedor principal de repuestos originales
1790012345001;;Frenos y Mas Ltda.;022666222;contacto@frenosymas.com;Especialistas en sistemas de frenos
1790001234001;;Importadora Andina S.A.;022555111;ventas@andina.com;Proveedor principal de repuestos originales
1790012345001;;Frenos y Mas Ltda.;022666222;contacto@frenosymas.com;Especialistas en sistemas de frenos
1790001234001;;Importadora Andina S.A.;022555111;ventas@andina.com;Proveedor principal de repuestos originales
1790012345001;;Frenos y Mas Ltda.;022666222;contacto@frenosymas.com;Especialistas en sistemas de frenos
1790001234001;;Importadora Andina S.A.;022555111;ventas@andina.com;Proveedor principal de repuestos originales
1790012345001;;Frenos y Mas Ltda.;022666222;contacto@frenosymas.com;Especialistas en sistemas de frenos
1790001234001;;Importadora Andina S.A.;022555111;ventas@andina.com;Proveedor principal de repuestos originales
1790012345001;;Frenos y Mas Ltda.;022666222;contacto@frenosymas.com;Especialistas en sistemas de frenos
1790001234001;;Importadora Andina S.A.;022555111;ventas@andina.com;Proveedor principal de repuestos originales
1790012345001;;Frenos y Mas Ltda.;022666222;contacto@frenosymas.com;Especialistas en sistemas de frenos
1790001234001;;Importadora Andina S.A.;022555111;ventas@andina.com;Proveedor principal de repuestos originales
1790012345001;;Frenos y Mas Ltda.;022666222;contacto@frenosymas.com;Especialistas en sistemas de frenos
1790001234001;;Importadora Andina S.A.;022555111;ventas@andina.com;Proveedor principal de repuestos originales
1790012345001;;Frenos y Mas Ltda.;022666222;contacto@frenosymas.com;Especialistas en sistemas de frenos
1790001234001;;Importadora Andina S.A.;022555111;ventas@andina.com;Proveedor principal de repuestos originales
1790012345001;;Frenos y Mas Ltda.;022666222;contacto@frenosymas.com;Especialistas en sistemas de frenos
1790001234001;;Importadora Andina S.A.;022555111;ventas@andina.com;Proveedor principal de repuestos originales
1790012345001;;Frenos y Mas Ltda.;022666222;contacto@frenosymas.com;Especialistas en sistemas de frenos
1790001234001;;Importadora Andina S.A.;022555111;ventas@andina.com;Proveedor principal de repuestos originales
1790012345001;;Frenos y Mas Ltda.;022666222;contacto@frenosymas.com;Especialistas en sistemas de frenos
1790001234001;;Importadora Andina S.A.;022555111;ventas@andina.com;Proveedor principal de repuestos originales
1790012345001;;Frenos y Mas Ltda.;022666222;contacto@frenosymas.com;Especialistas en sistemas de frenos
1790001234001;;Importadora Andina S.A.;022555111;ventas@andina.com;Proveedor principal de repuestos originales
1790012345001;;Frenos y Mas Ltda.;022666222;contacto@frenosymas.com;Especialistas en sistemas de frenos
1790001234001;;Importadora Andina S.A.;022555111;ventas@andina.com;Proveedor principal de repuestos originales
1790012345001;;Frenos y Mas Ltda.;022666222;contacto@frenosymas.com;Especialistas en sistemas de frenos
1790001234001;;Importadora Andina S.A.;022555111;ventas@andina.com;Proveedor principal de repuestos originales
1790012345001;;Frenos y Mas Ltda.;022666222;contacto@frenosymas.com;Especialistas en sistemas de frenos
1790001234001;;Importadora Andina S.A.;022555111;ventas@andina.com;Proveedor principal de repuestos originales
1790012345001;;Frenos y Mas Ltda.;022666222;contacto@frenosymas.com;Especialistas en sistemas de frenos
1790001234001;;Importadora Andina S.A.;022555111;ventas@andina.com;Proveedor principal de repuestos originales
1790012345001;;Frenos y Mas Ltda.;022666222;contacto@frenosymas.com;Especialistas en sistemas de frenos
1790001234001;;Importadora Andina S.A.;022555111;ventas@andina.com;Proveedor principal de repuestos originales
1790012345001;;Frenos y Mas Ltda.;022666222;contacto@frenosymas.com;Especialistas en sistemas de frenos
1790001234001;;Importadora Andina S.A.;022555111;ventas@andina.com;Proveedor principal de repuestos originales
1790012345001;;Frenos y Mas Ltda.;022666222;contacto@frenosymas.com;Especialistas en sistemas de frenos
1790001234001;;Importadora Andina S.A.;022555111;ventas@andina.com;Proveedor principal de repuestos originales
1790012345001;;Frenos y Mas Ltda.;022666222;contacto@frenosymas.com;Especialistas en sistemas de frenos
1790001234001;;Importadora Andina S.A.;022555111;ventas@andina.com;Proveedor principal de repuestos originales
1790012345001;;Frenos y Mas Ltda.;022666222;contacto@frenosymas.com;Especialistas en sistemas de frenos
1790001234001;;Importadora Andina S.A.;022555111;ventas@andina.com;Proveedor principal de repuestos originales
1790012345001;;Frenos y Mas Ltda.;022666222;contacto@frenosymas.com;Especialistas en sistemas de frenos
1790001234001;;Importadora Andina S.A.;022555111;ventas@andina.com;Proveedor principal de repuestos originales
1790012345001;;Frenos y Mas Ltda.;022666222;contacto@frenosymas.com;Especialistas en sistemas de frenos
1790001234001;;Importadora Andina S.A.;022555111;ventas@andina.com;Proveedor principal de repuestos originales
1790012345001;;Frenos y Mas Ltda.;022666222;contacto@frenosymas.com;Especialistas en sistemas de frenos
1790001234001;;Importadora Andina S.A.;022555111;ventas@andina.com;Proveedor principal de repuestos originales
1790012345001;;Frenos y Mas Ltda.;022666222;contacto@frenosymas.com;Especialistas en sistemas de frenos
1790001234001;;Importadora Andina S.A.;022555111;ventas@andina.com;Proveedor principal de repuestos originales
1790012345001;;Frenos y Mas Ltda.;022666222;contacto@frenosymas.com;Especialistas en sistemas de frenos
1790001234001;;Importadora Andina S.A.;022555111;ventas@andina.com;Proveedor principal de repuestos originales
1790012345001;;Frenos y Mas Ltda.;022666222;contacto@frenosymas.com;Especialistas en sistemas de frenos
1790001234001;;Importadora Andina S.A.;022555111;ventas@andina.com;Proveedor principal de repuestos originales
1790012345001;;Frenos y Mas Ltda.;022666222;contacto@frenosymas.com;Especialistas en sistemas de frenos
1790001234001;;Importadora Andina S.A.;022555111;ventas@andina.com;Proveedor principal de repuestos originales
1790012345001;;Frenos y Mas Ltda.;022666222;contacto@frenosymas.com;Especialistas en sistemas de frenos
1790001234001;;Importadora Andina S.A.;022555111;ventas@andina.com;Proveedor principal de repuestos originales
1790012345001;;Frenos y Mas Ltda.;022666222;contacto@frenosymas.com;Especialistas en sistemas de frenos
1790001234001;;Importadora Andina S.A.;022555111;ventas@andina.com;Proveedor principal de repuestos originales
1790012345001;;Frenos y Mas Ltda.;022666222;contacto@frenosymas.com;Especialistas en sistemas de frenos
1790001234001;;Importadora Andina S.A.;022555111;ventas@andina.com;Proveedor principal de repuestos originales
1790012345001;;Frenos y Mas Ltda.;022666222;contacto@frenosymas.com;Especialistas en sistemas de frenos
1790001234001;;Importadora Andina S.A.;022555111;ventas@andina.com;Proveedor principal de repuestos originales
1790012345001;;Frenos y Mas Ltda.;022666222;contacto@frenosymas.com;Especialistas en sistemas de frenos
1790001234001;;Importadora Andina S.A.;022555111;ventas@andina.com;Proveedor principal de repuestos originales
1790012345001;;Frenos y Mas Ltda.;022666222;contacto@frenosymas.com;Especialistas en sistemas de frenos
1790001234001;;Importadora Andina S.A.;022555111;ventas@andina.com;Proveedor principal de repuestos originales
1790012345001;;Frenos y Mas Ltda.;022666222;contacto@frenosymas.com;Especialistas en sistemas de frenos
1790001234001;;Importadora Andina S.A.;022555111;ventas@andina.com;Proveedor principal de repuestos originales
1790012345001;;Frenos y Mas Ltda.;022666222;contacto@frenosymas.com;Especialistas en sistemas de frenos
1790001234001;;Importadora Andina S.A.;022555111;ventas@andina.com;Proveedor principal de repuestos originales
1790012345001;;Frenos y Mas Ltda.;022666222;contacto@frenosymas.com;Especialistas en sistemas de frenos
1790001234001;;Importadora Andina S.A.;022555111;ventas@andina.com;Proveedor principal de repuestos originales
1790012345001;;Frenos y Mas Ltda.;022666222;contacto@frenosymas.com;Especialistas en sistemas de frenos
1790001234001;;Importadora Andina S.A.;022555111;ventas@andina.com;Proveedor principal de repuestos originales
1790012345001;;Frenos y Mas Ltda.;022666222;contacto@frenosymas.com;Especialistas en sistemas de frenos
1790001234001;;Importadora Andina S.A.;022555111;ventas@andina.com;Proveedor principal de repuestos originales
1790012345001;;Frenos y Mas Ltda.;022666222;contacto@frenosymas.com;Especialistas en sistemas de frenos
1790001234001;;Importadora Andina S.A.;022555111;ventas@andina.com;Proveedor principal de repuestos originales
1790012345001;;Frenos y Mas Ltda.;022666222;contacto@frenosymas.com;Especialistas en sistemas de frenos
1790001234001;;Importadora Andina S.A.;022555111;ventas@andina.com;Proveedor principal de repuestos originales
1790012345001;;Frenos y Mas Ltda.;022666222;contacto@frenosymas.com;Especialistas en sistemas de frenos
1790001234001;;Importadora Andina S.A.;022555111;ventas@andina.com;Proveedor principal de repuestos originales
1790012345001;;Frenos y Mas Ltda.;022666222;contacto@frenosymas.com;Especialistas en sistemas de frenos
1790001234001;;Importadora Andina S.A.;022555111;ventas@andina.com;Proveedor principal de repuestos originales
1790012345001;;Frenos y Mas Ltda.;022666222;contacto@frenosymas.com;Especialistas en sistemas de frenos
1790001234001;;Importadora Andina S.A.;022555111;ventas@andina.com;Proveedor principal de repuestos originales
1790012345001;;Frenos y Mas Ltda.;022666222;contacto@frenosymas.com;Especialistas en sistemas de frenos
1790001234001;;Importadora Andina S.A.;022555111;ventas@andina.com;Proveedor principal de repuestos originales
1790012345001;;Frenos y Mas Ltda.;022666222;contacto@frenosymas.com;Especialistas en sistemas de frenos
1790001234001;;Importadora Andina S.A.;022555111;ventas@andina.com;Proveedor principal de repuestos originales
1790012345001;;Frenos y Mas Ltda.;022666222;contacto@frenosymas.com;Especialistas en sistemas de frenos
1790001234001;;Importadora Andina S.A.;022555111;ventas@andina.com;Proveedor principal de repuestos originales
1790012345001;;Frenos y Mas Ltda.;022666222;contacto@frenosymas.com;Especialistas en sistemas de frenos
1790001234001;;Importadora Andina S.A.;022555111;ventas@andina.com;Proveedor principal de repuestos originales
1790012345001;;Frenos y Mas Ltda.;022666222;contacto@frenosymas.com;Especialistas en sistemas de frenos
1790001234001;;Importadora Andina S.A.;022555111;ventas@andina.com;Proveedor principal de repuestos originales
1790012345001;;Frenos y Mas Ltda.;022666222;contacto@frenosymas.com;Especialistas en sistemas de frenos
1790001234001;;Importadora Andina S.A.;022555111;ventas@andina.com;Proveedor principal de repuestos originales
1790012345001;;Frenos y Mas Ltda.;022666222;contacto@frenosymas.com;Especialistas en sistemas de frenos
1790001234001;;Importadora Andina S.A.;022555111;ventas@andina.com;Proveedor principal de repuestos originales
1790012345001;;Frenos y Mas Ltda.;022666222;contacto@frenosymas.com;Especialistas en sistemas de frenos
1790001234001;;Importadora Andina S.A.;022555111;ventas@andina.com;Proveedor principal de repuestos originales
1790012345001;;Frenos y Mas Ltda.;022666222;contacto@frenosymas.com;Especialistas en sistemas de frenos
1790001234001;;Importadora Andina S.A.;022555111;ventas@andina.com;Proveedor principal de repuestos originales
1790012345001;;Frenos y Mas Ltda.;022666222;contacto@frenosymas.com;Especialistas en sistemas de frenos
1790001234001;;Importadora Andina S.A.;022555111;ventas@andina.com;Proveedor principal de repuestos originales
1790012345001;;Frenos y Mas Ltda.;022666222;contacto@frenosymas.com;Especialistas en sistemas de frenos
1790001234001;;Importadora Andina S.A.;022555111;ventas@andina.com;Proveedor principal de repuestos originales
1790012345001;;Frenos y Mas Ltda.;022666222;contacto@frenosymas.com;Especialistas en sistemas de frenos
1790001234001;;Importadora Andina S.A.;022555111;ventas@andina.com;Proveedor principal de repuestos originales
1790012345001;;Frenos y Mas Ltda.;022666222;contacto@frenosymas.com;Especialistas en sistemas de frenos
1790001234001;;Importadora Andina S.A.;022555111;ventas@andina.com;Proveedor principal de repuestos originales
1790012345001;;Frenos y Mas Ltda.;022666222;contacto@frenosymas.com;Especialistas en sistemas de frenos
1790001234001;;Importadora Andina S.A.;022555111;ventas@andina.com;Proveedor principal de repuestos originales
1790012345001;;Frenos y Mas Ltda.;022666222;contacto@frenosymas.com;Especialistas en sistemas de frenos
1790001234001;;Importadora Andina S.A.;022555111;ventas@andina.com;Proveedor principal de repuestos originales
1790012345001;;Frenos y Mas Ltda.;022666222;contacto@frenosymas.com;Especialistas en sistemas de frenos
1790001234001;;Importadora Andina S.A.;022555111;ventas@andina.com;Proveedor principal de repuestos originales
1790012345001;;Frenos y Mas Ltda.;022666222;contacto@frenosymas.com;Especialistas en sistemas de frenos
1790001234001;;Importadora Andina S.A.;022555111;ventas@andina.com;Proveedor principal de repuestos originales
1790012345001;;Frenos y Mas Ltda.;022666222;contacto@frenosymas.com;Especialistas en sistemas de frenos
1790001234001;;Importadora Andina S.A.;022555111;ventas@andina.com;Proveedor principal de repuestos originales
1790012345001;;Frenos y Mas Ltda.;022666222;contacto@frenosymas.com;Especialistas en sistemas de frenos
1790001234001;;Importadora Andina S.A.;022555111;ventas@andina.com;Proveedor principal de repuestos originales
1790012345001;;Frenos y Mas Ltda.;022666222;contacto@frenosymas.com;Especialistas en sistemas de frenos
1790001234001;;Importadora Andina S.A.;022555111;ventas@andina.com;Proveedor principal de repuestos originales
1790012345001;;Frenos y Mas Ltda.;022666222;contacto@frenosymas.com;Especialistas en sistemas de frenos
1790001234001;;Importadora Andina S.A.;022555111;ventas@andina.com;Proveedor principal de repuestos originales
1790012345001;;Frenos y Mas Ltda.;022666222;contacto@frenosymas.com;Especialistas en sistemas de frenos
1790001234001;;Importadora Andina S.A.;022555111;ventas@andina.com;Proveedor principal de repuestos originales
1790012345001;;Frenos y Mas Ltda.;022666222;contacto@frenosymas.com;Especialistas en sistemas de frenos
